start_id,hub_1512,hub_1513,hub_1514,hub_1515,hub_1516,hub_1517,hub_1518,hub_1519,hub_1521,hub_1522,hub_1523,hub_1524,hub_1527,hub_1528,hub_1529,hub_1535,hub_1536,hub_1537,hub_1538,hub_1539,hub_1540,hub_1541,hub_1542,hub_1543,hub_1544,hub_1545,hub_1546,hub_1547,hub_1548,hub_1549,hub_1550,hub_1551,hub_1552,hub_1554,hub_1555,hub_1556,hub_1558,hub_1559,hub_1560,hub_1561,hub_1562,hub_1563,hub_1564,hub_1566,hub_1567,hub_1568,hub_1569,hub_1570,hub_1571,hub_1572,hub_1574,hub_1575,hub_1576,hub_1577,hub_1578,hub_1579,hub_1580,hub_1581,hub_1582,hub_1583,hub_1584,hub_1585,hub_1586,hub_1588,hub_1589,hub_1590,hub_1591,hub_1592,hub_1593,hub_1594,hub_1595,hub_1596,hub_1597,hub_1598,hub_1599,hub_1600,hub_1601,hub_1602,hub_1603,hub_1604,hub_1605,hub_1606,hub_1607,hub_1608,hub_1609,hub_1610,hub_1611,hub_1612,hub_1613,hub_1614,hub_1615,hub_1616,hub_1617,hub_1713,hub_2275,hub_2276,hub_2598,hub_2677,hub_2678,hub_2679,hub_2680,hub_2681,hub_2682,hub_2683,hub_2684,hub_2685,hub_2686,hub_2687,hub_2688,hub_2689,hub_2695,hub_2696,hub_2698,hub_2707,hub_2708,hub_2789,hub_2798,hub_2875,hub_3240
hub_1512,335,14,24,17,29,10,46,37,5,56,15,12,13,144,58,53,21,18,14,25,40,95,18,13,49,152,42,93,39,30,27,9,19,4,28,16,87,6,6,183,31,52,63,35,44,51,123,134,50,31,170,128,66,97,96,61,84,52,88,255,62,39,30,43,16,87,20,79,19,19,31,10,10,16,3,107,21,15,48,51,21,54,14,10,27,79,56,41,10,19,64,52,7,66,6,NA,1,1,1,4,2,NA,NA,1,NA,2,11,NA,NA,NA,1,NA,4,31,NA,12,26,8,6
hub_1513,11,164,39,27,84,1,45,15,65,9,13,3,6,4,8,3,11,6,15,8,21,90,NA,NA,19,5,5,3,34,45,79,NA,12,14,13,3,3,NA,1,6,3,2,NA,1,1,8,62,20,10,2,55,11,14,13,22,17,7,12,25,12,4,6,16,12,4,9,69,NA,9,4,13,6,3,2,22,27,7,2,3,12,NA,5,4,13,46,5,36,21,10,27,34,9,NA,2,1,NA,2,NA,NA,NA,NA,2,NA,NA,NA,NA,NA,NA,1,NA,NA,NA,5,11,8,7,NA,1,1
hub_1514,16,57,233,71,19,14,41,41,3,25,2,4,21,21,4,9,13,3,5,1,18,37,NA,1,41,2,11,11,64,27,81,20,7,50,3,4,8,NA,3,2,2,NA,4,1,3,8,51,25,8,10,33,10,41,22,15,8,7,28,11,18,1,2,13,21,8,6,60,3,5,4,1,NA,12,1,7,51,12,3,8,5,NA,9,1,18,29,29,43,33,20,18,85,13,1,7,5,7,3,2,1,2,2,NA,1,NA,NA,2,NA,NA,NA,NA,NA,NA,26,10,NA,4,6,11,1
hub_1515,29,19,59,316,28,12,51,48,NA,23,5,4,30,2,4,11,7,14,11,3,14,254,1,2,25,13,20,3,75,127,208,11,21,40,6,11,6,NA,NA,12,NA,7,4,7,3,7,48,48,10,5,38,23,21,29,32,15,44,29,23,3,2,1,10,24,7,13,193,11,13,6,14,7,4,7,52,84,31,1,19,7,2,9,3,19,57,57,102,52,33,50,167,1,2,5,6,1,3,NA,NA,NA,NA,7,NA,NA,NA,NA,2,NA,NA,NA,NA,NA,9,13,NA,1,2,2,2
hub_1516,25,40,21,39,1328,2,75,16,NA,12,13,1,8,45,6,13,12,6,9,7,7,103,3,1,63,31,4,7,20,26,43,2,12,13,2,16,6,3,3,52,5,10,3,4,5,18,159,75,19,4,58,48,150,35,35,73,7,37,17,57,5,5,21,51,14,16,203,3,97,2,13,5,6,15,7,82,7,1,29,16,10,8,7,8,149,28,16,22,24,57,108,11,4,6,2,4,NA,2,1,NA,1,NA,NA,3,NA,NA,2,NA,NA,NA,1,NA,8,64,NA,5,6,5,7
hub_1517,5,3,11,8,7,70,9,28,2,16,NA,NA,23,2,2,NA,1,2,6,9,1,6,1,1,10,NA,3,2,27,9,16,11,36,19,1,3,3,NA,NA,1,NA,1,NA,NA,NA,4,18,4,NA,1,6,5,5,12,18,NA,10,3,1,NA,6,1,2,9,7,5,7,NA,NA,1,3,1,4,7,6,11,10,2,6,3,1,6,4,20,5,14,41,24,29,15,35,4,5,NA,8,NA,1,NA,NA,NA,2,NA,NA,NA,NA,NA,NA,NA,NA,NA,NA,NA,4,8,NA,2,NA,1,5
hub_1518,35,32,31,73,68,11,680,29,6,7,32,5,16,48,14,12,9,28,9,4,24,106,7,3,47,20,9,7,7,30,43,8,11,20,19,15,8,5,NA,25,11,16,9,5,13,23,102,67,17,15,68,35,80,57,35,26,20,56,42,32,5,4,27,34,16,49,53,1,27,9,33,6,9,10,14,55,15,1,22,5,4,13,12,6,91,62,140,73,25,74,78,39,8,4,7,6,NA,3,1,NA,NA,NA,1,NA,NA,3,1,NA,NA,1,NA,NA,6,62,NA,8,4,5,12
hub_1519,24,13,18,48,27,23,19,208,NA,137,10,5,13,15,1,5,4,6,NA,5,1,118,NA,NA,26,8,11,4,33,24,31,33,20,26,20,10,3,13,13,75,6,4,3,1,5,18,96,8,15,NA,25,35,16,14,11,7,11,31,13,7,6,3,47,50,29,17,7,1,10,4,16,4,NA,4,47,31,33,6,5,12,7,18,25,37,6,86,49,64,42,41,40,10,10,5,22,9,2,2,2,NA,5,NA,NA,NA,1,6,1,NA,NA,NA,NA,NA,6,2,NA,2,4,2,8
hub_1521,12,108,1,3,28,2,9,1,133,2,13,66,1,26,2,1,1,4,NA,1,NA,4,1,NA,3,13,5,NA,1,5,2,NA,NA,2,6,8,10,11,11,10,6,3,2,2,2,4,6,2,2,3,11,6,1,39,20,3,3,17,3,4,NA,2,19,58,1,11,4,1,NA,19,62,43,27,28,2,12,NA,6,3,4,1,1,43,1,6,5,6,4,1,1,12,29,44,2,2,NA,NA,8,5,4,1,1,1,NA,NA,NA,NA,2,8,1,NA,NA,NA,1,7,2,2,NA,NA
hub_1522,73,2,16,7,39,31,13,177,3,183,17,3,10,5,NA,13,15,3,6,2,38,11,5,NA,14,7,13,3,23,16,14,15,13,87,21,15,15,10,12,8,8,13,1,3,2,9,99,8,2,2,17,24,13,15,18,5,8,11,13,5,4,1,11,54,86,12,8,3,4,9,27,41,5,10,95,23,101,20,6,29,9,46,30,12,7,99,41,49,136,20,40,14,8,2,98,6,1,1,2,2,8,NA,3,NA,2,1,3,NA,1,NA,2,NA,6,NA,NA,7,NA,1,9
hub_1523,23,7,4,6,9,3,33,21,7,11,269,31,8,58,13,11,2,2,5,7,5,19,6,NA,11,37,21,22,7,8,5,1,7,4,29,36,5,18,18,22,8,12,5,7,5,11,72,26,23,6,97,34,37,32,15,12,16,16,12,31,5,12,19,45,20,19,22,4,10,18,60,95,19,132,32,152,7,14,11,18,14,16,37,1,20,24,17,15,8,13,23,17,59,9,2,2,2,NA,2,NA,1,1,NA,NA,1,3,1,NA,1,3,NA,NA,1,14,3,7,7,NA,1
hub_1524,17,1,5,8,7,4,5,10,49,14,36,162,3,16,5,6,NA,4,NA,NA,NA,14,NA,NA,8,27,7,9,5,NA,2,NA,NA,2,25,21,2,31,41,16,3,4,2,5,10,3,5,4,12,5,23,19,12,10,13,7,6,13,6,11,15,NA,15,32,8,8,4,16,3,46,134,14,53,80,2,31,NA,7,13,41,8,5,88,NA,3,16,20,7,6,3,10,32,137,10,2,2,NA,24,13,19,14,4,8,4,2,3,3,3,4,3,3,9,NA,5,10,11,6,NA,1
hub_1527,9,6,26,82,16,19,30,45,NA,10,2,3,174,6,3,3,8,12,4,30,4,104,4,1,29,6,4,1,79,36,15,22,32,15,9,5,NA,NA,1,5,21,1,2,NA,1,7,76,6,10,5,41,8,33,5,9,5,25,7,11,NA,NA,2,7,16,4,4,8,NA,3,1,NA,3,1,4,3,23,18,1,2,6,1,3,10,13,7,21,50,28,62,28,65,4,2,3,12,3,NA,NA,NA,NA,NA,NA,NA,3,NA,NA,1,NA,NA,NA,1,NA,13,4,NA,1,NA,3,NA
hub_1528,94,8,29,7,38,NA,62,13,28,7,58,13,NA,579,141,20,3,26,7,3,3,49,21,43,59,132,191,274,6,9,22,2,5,3,25,16,93,4,10,54,332,328,42,104,106,86,89,63,221,24,74,55,50,113,132,24,278,60,83,123,135,121,67,216,77,195,21,124,362,11,46,20,25,30,7,86,2,12,13,15,12,10,19,3,22,25,25,16,2,4,48,56,12,133,3,NA,4,1,NA,NA,NA,NA,NA,NA,NA,1,NA,1,1,1,NA,3,4,22,NA,46,36,1,1
hub_1529,63,2,10,10,3,2,27,3,5,1,5,4,1,163,287,16,9,12,11,3,2,78,2,2,10,63,60,123,2,3,4,NA,4,1,9,12,45,NA,4,123,47,63,61,85,88,60,73,22,115,27,55,144,35,66,44,4,186,31,35,99,98,56,12,134,21,181,7,81,39,10,20,11,16,12,8,72,9,1,4,4,1,9,7,NA,3,41,8,17,3,NA,28,58,3,30,6,1,NA,8,NA,NA,NA,1,NA,NA,NA,1,2,NA,NA,NA,NA,1,1,9,NA,67,3,NA,NA
hub_1535,116,14,7,9,7,NA,12,1,1,2,3,5,1,59,21,233,16,34,28,41,30,48,20,15,53,34,14,10,6,8,9,2,2,8,5,6,18,NA,NA,63,4,24,22,55,15,299,174,32,67,68,410,51,161,41,64,22,68,191,169,14,14,6,30,153,9,130,19,23,6,7,10,4,2,9,6,45,8,1,11,4,4,10,8,3,7,23,13,17,6,19,47,51,2,27,4,1,NA,3,NA,NA,NA,NA,1,NA,NA,NA,NA,NA,NA,NA,NA,1,NA,12,NA,6,50,NA,1
hub_1536,12,14,20,2,16,1,16,9,NA,5,2,NA,4,10,9,5,146,19,16,30,17,30,23,7,53,4,3,2,NA,5,21,3,2,1,8,5,2,1,NA,12,6,3,6,4,3,9,40,14,7,24,25,23,17,12,17,22,29,33,22,6,3,1,62,18,4,16,8,1,7,6,1,1,2,11,2,17,3,4,15,11,9,5,14,1,27,16,15,10,7,17,54,10,16,1,NA,NA,NA,NA,NA,NA,NA,NA,NA,NA,NA,2,1,NA,NA,1,NA,NA,NA,2,NA,1,1,2,1
hub_1537,61,10,4,41,15,2,49,4,1,5,4,1,7,33,17,104,41,311,52,61,80,150,106,15,53,83,5,6,5,7,9,9,8,3,5,4,48,6,1,50,68,5,43,25,13,23,40,53,57,126,43,56,53,68,31,31,95,135,124,30,14,13,18,56,13,34,89,22,24,2,3,3,5,7,2,65,10,4,8,8,20,7,2,13,18,11,13,6,10,18,29,46,2,30,NA,4,NA,NA,NA,NA,1,NA,NA,NA,NA,NA,4,NA,NA,1,1,NA,NA,10,NA,47,5,18,NA
hub_1538,32,37,8,18,7,11,18,2,1,11,12,4,6,17,34,47,32,36,190,49,33,112,96,39,42,7,NA,19,20,2,6,NA,5,3,14,11,10,NA,3,21,18,4,14,14,9,14,59,53,23,179,30,33,36,71,39,55,44,75,41,4,11,12,11,23,7,26,59,11,8,2,3,10,3,6,1,34,1,1,23,8,NA,17,2,2,20,11,5,29,20,5,31,8,NA,18,2,2,NA,NA,NA,NA,NA,NA,NA,NA,NA,NA,5,NA,NA,NA,NA,NA,NA,NA,NA,2,1,4,NA
hub_1539,64,16,13,11,34,20,18,12,NA,9,12,NA,6,22,4,30,238,67,81,219,66,140,121,12,99,14,2,6,38,9,22,10,3,7,3,17,18,1,1,35,11,3,12,8,10,22,77,100,40,43,78,55,112,226,183,57,30,72,53,9,4,7,32,111,10,26,208,12,12,14,7,119,2,8,2,65,7,3,10,11,4,10,12,2,23,13,19,22,8,22,66,34,1,6,4,7,4,NA,NA,NA,NA,NA,NA,NA,NA,NA,11,NA,1,NA,NA,NA,1,13,1,6,4,10,NA
hub_1540,24,24,6,25,12,6,49,2,2,24,15,1,10,14,4,11,27,28,11,20,348,359,14,5,22,28,3,5,14,2,28,1,7,1,5,4,1,1,NA,21,1,21,1,7,5,8,67,129,8,19,91,28,37,49,36,32,7,36,34,17,6,2,21,25,10,21,116,16,39,2,3,8,2,10,2,61,NA,NA,23,16,4,8,NA,5,29,16,16,20,NA,2,38,34,NA,36,2,1,4,NA,NA,NA,NA,NA,NA,3,NA,NA,6,NA,NA,NA,NA,NA,1,8,NA,4,1,21,NA
hub_1541,68,100,84,219,87,6,129,39,NA,11,35,7,89,64,56,30,26,32,57,42,103,1916,134,23,53,71,22,28,32,97,174,4,56,22,25,18,34,3,20,41,3,24,4,29,42,45,385,407,33,18,199,117,123,100,138,66,18,120,54,119,23,16,175,133,61,68,452,37,26,7,10,26,4,18,9,309,76,8,70,16,7,92,6,28,269,28,70,29,8,72,240,43,NA,19,5,2,1,NA,2,3,NA,NA,NA,1,NA,NA,4,NA,1,NA,NA,NA,4,83,NA,12,9,45,5
hub_1542,82,4,2,4,6,1,5,3,1,9,4,2,2,34,6,33,39,65,91,66,32,179,161,28,77,13,1,8,2,6,2,NA,1,NA,3,5,37,1,1,35,6,11,22,17,8,31,37,52,30,99,83,14,71,31,228,46,24,36,120,40,8,2,90,49,5,25,44,16,9,1,5,18,1,4,3,11,1,6,6,11,1,4,3,NA,3,6,14,6,2,3,14,47,2,11,NA,NA,2,NA,NA,NA,NA,2,NA,NA,NA,NA,NA,NA,NA,2,NA,NA,NA,5,NA,6,19,2,NA
hub_1543,49,2,1,5,4,2,13,5,NA,1,6,NA,1,111,10,11,125,31,68,27,20,72,50,137,84,12,15,5,1,NA,2,NA,1,5,6,3,7,NA,NA,26,3,5,48,24,7,15,22,11,47,108,23,25,31,40,10,21,92,91,186,25,9,3,13,144,7,71,12,6,3,NA,1,4,NA,1,NA,13,4,NA,2,3,1,13,2,2,3,11,11,10,1,1,18,5,1,7,2,NA,NA,NA,NA,2,NA,NA,NA,NA,NA,NA,NA,NA,1,NA,NA,NA,NA,6,NA,7,1,NA,NA
hub_1544,40,21,49,10,22,2,38,8,2,10,5,1,6,34,11,19,30,12,40,86,29,75,28,2,252,21,4,8,20,13,14,6,8,6,21,4,33,7,5,56,9,5,14,20,8,14,55,23,43,15,76,45,36,39,50,22,39,45,32,18,10,9,52,38,4,25,31,14,18,9,3,2,1,31,4,34,15,1,21,8,5,7,86,7,13,22,21,23,5,27,82,19,84,9,1,3,5,NA,NA,1,3,NA,1,1,NA,3,1,NA,NA,3,NA,NA,3,1,NA,4,2,1,NA
hub_1545,97,10,9,7,9,NA,15,13,4,4,39,7,NA,157,45,15,9,11,3,7,23,42,18,6,18,562,50,105,3,14,30,16,7,2,7,20,65,4,3,65,44,69,22,41,43,96,55,53,107,4,76,65,50,52,93,10,149,57,91,75,45,51,95,461,19,94,31,85,85,12,33,18,5,15,2,66,5,2,9,14,13,1,8,2,12,22,10,22,3,5,20,57,8,31,5,4,NA,2,NA,NA,1,NA,NA,2,NA,1,NA,NA,NA,1,NA,1,NA,10,NA,28,11,NA,1
hub_1546,71,4,8,25,1,1,16,6,4,1,24,2,3,279,41,10,4,8,3,NA,8,23,4,2,10,57,272,103,1,3,3,NA,NA,2,5,8,70,2,1,98,190,46,44,80,107,44,21,17,55,30,30,25,25,15,30,9,55,27,35,73,56,42,32,79,13,290,12,140,215,7,10,23,NA,12,NA,52,5,7,4,8,1,5,1,3,6,15,6,7,2,5,6,19,2,46,3,NA,NA,1,1,NA,2,NA,NA,NA,NA,NA,NA,NA,NA,NA,NA,NA,NA,1,NA,5,17,NA,NA
hub_1547,65,10,11,NA,8,NA,14,2,NA,5,19,15,1,292,96,22,4,11,3,1,3,3,6,1,12,83,148,315,7,4,10,NA,1,1,5,14,108,5,4,141,87,67,183,107,135,53,42,22,59,36,114,38,26,48,23,3,156,21,82,479,54,58,49,72,15,173,30,97,87,4,18,8,7,7,2,26,6,1,2,6,1,1,17,1,NA,24,9,12,1,4,23,22,7,137,1,2,NA,NA,1,1,NA,NA,NA,1,NA,1,NA,NA,NA,NA,NA,NA,2,6,NA,25,56,3,2
hub_1548,26,32,93,98,27,17,45,27,NA,18,5,5,56,13,11,12,10,13,4,9,32,44,NA,NA,24,15,2,16,273,65,85,28,21,282,7,13,7,1,4,15,17,7,4,NA,8,9,78,24,7,10,32,30,32,31,61,114,9,20,14,44,4,13,18,35,10,18,38,7,NA,4,9,2,2,7,16,47,19,1,5,23,1,17,15,26,32,38,39,28,116,42,115,22,2,4,12,9,NA,NA,NA,NA,1,1,1,4,NA,NA,1,1,NA,NA,NA,1,34,18,NA,7,NA,6,NA
hub_1549,25,89,59,110,29,23,17,61,NA,38,18,1,29,14,2,10,23,10,3,6,8,93,NA,NA,34,13,4,5,49,347,98,32,25,204,11,4,4,NA,4,5,4,4,2,8,4,14,91,28,10,10,30,28,34,49,37,17,24,36,35,15,2,5,12,31,5,31,66,14,12,1,8,9,3,12,17,70,42,3,4,7,2,13,7,62,41,59,75,18,40,47,109,25,5,5,17,6,NA,NA,1,2,3,NA,1,NA,NA,1,NA,NA,1,NA,NA,NA,28,19,2,1,12,7,3
hub_1550,10,54,56,206,12,5,29,53,NA,8,4,2,9,17,1,4,17,6,1,7,9,216,2,NA,47,9,3,3,78,100,216,8,24,59,7,4,4,1,1,13,4,1,1,6,5,14,53,62,6,11,35,13,26,36,24,5,10,28,11,23,4,NA,8,24,14,7,52,1,8,1,8,1,3,8,9,36,12,1,6,6,3,29,8,20,66,23,15,27,32,36,107,7,1,7,4,1,2,1,1,NA,NA,1,NA,NA,NA,NA,1,NA,NA,NA,NA,2,10,11,NA,6,8,6,1
hub_1551,3,3,12,21,2,15,10,33,NA,18,NA,NA,24,3,1,2,2,11,2,1,1,15,NA,NA,5,19,NA,1,23,29,11,121,8,35,5,8,1,NA,NA,NA,2,NA,2,1,NA,2,9,11,4,1,3,12,5,5,2,10,1,21,7,2,2,NA,10,22,1,1,8,1,1,NA,6,NA,NA,1,10,7,8,2,5,1,1,4,4,20,NA,23,17,14,36,14,14,5,2,NA,6,10,NA,1,NA,NA,NA,2,NA,NA,NA,NA,NA,NA,NA,NA,NA,NA,6,NA,NA,9,1,1,7
hub_1552,7,4,10,27,19,33,24,20,NA,11,7,NA,39,4,2,3,2,6,2,3,10,72,NA,NA,14,33,1,2,39,21,39,10,153,38,7,7,2,NA,3,13,6,NA,2,3,2,5,24,53,8,2,6,22,14,9,5,9,2,5,5,7,6,1,15,7,5,8,16,NA,14,NA,9,3,NA,9,7,35,25,7,3,13,2,37,9,30,15,45,51,36,72,110,48,5,NA,1,15,2,2,NA,1,NA,NA,NA,NA,NA,NA,NA,2,NA,NA,1,NA,NA,4,41,NA,4,1,NA,NA
hub_1554,11,18,50,41,18,25,31,31,NA,48,2,5,19,26,12,7,5,10,2,4,1,18,6,NA,19,4,8,2,302,230,30,37,24,215,13,13,5,NA,1,6,1,NA,1,4,5,7,43,12,7,3,13,19,23,14,9,6,7,22,4,7,5,3,6,39,8,5,36,10,9,7,11,7,NA,16,11,39,62,1,13,5,1,26,4,27,15,42,80,44,73,40,86,11,7,3,28,24,5,NA,1,3,2,NA,2,4,NA,1,4,NA,NA,NA,NA,2,29,30,NA,2,1,NA,2
hub_1555,25,2,1,14,11,7,16,24,4,29,76,15,7,43,8,15,4,7,4,NA,8,12,10,1,21,32,11,7,16,8,2,8,10,10,338,60,15,33,18,20,14,9,5,3,14,15,70,18,17,3,29,63,29,69,22,4,11,44,25,3,7,5,16,34,23,30,19,7,4,23,59,27,10,138,43,61,31,51,51,109,32,33,38,7,4,21,33,24,11,17,33,29,33,16,9,2,3,3,5,9,5,1,2,NA,NA,6,9,1,NA,NA,3,3,2,12,3,24,1,NA,5
hub_1556,39,8,3,5,44,3,19,20,7,20,38,25,4,22,17,12,11,6,24,12,1,16,2,1,11,66,21,16,12,12,3,7,13,13,62,325,6,30,22,41,330,6,2,4,10,21,181,9,30,9,23,48,35,74,25,8,4,50,36,8,3,4,22,55,10,15,4,12,17,43,137,14,16,87,36,43,25,54,56,96,20,18,166,1,6,74,23,34,8,8,43,35,41,20,6,2,4,11,10,11,9,2,1,NA,NA,3,7,1,NA,2,2,4,5,2,NA,17,2,NA,5
hub_1558,112,6,7,13,30,1,38,2,NA,16,17,4,2,325,59,48,8,56,26,25,2,53,17,8,138,118,198,163,7,12,9,1,6,15,9,10,236,1,1,204,164,104,184,37,209,257,54,37,221,46,167,189,38,130,64,15,279,109,126,53,69,109,96,415,111,673,17,91,20,6,33,13,6,24,3,50,11,5,14,6,10,5,9,8,24,73,21,22,9,2,54,95,6,107,6,4,NA,5,NA,NA,2,NA,NA,NA,NA,NA,NA,NA,NA,NA,1,2,3,20,NA,198,35,NA,2
hub_1559,6,2,NA,6,12,1,8,2,19,3,14,37,1,3,9,3,2,NA,1,5,NA,2,2,NA,10,14,7,21,NA,5,2,1,2,1,166,36,NA,133,22,18,11,12,NA,7,1,6,43,5,9,NA,23,12,1,4,27,5,5,24,16,3,3,2,5,18,9,3,10,NA,269,35,39,6,5,61,3,52,13,11,3,7,7,1,19,NA,1,4,3,6,3,NA,8,9,12,9,3,NA,NA,11,NA,12,5,6,1,NA,NA,1,NA,1,NA,NA,3,4,2,74,6,40,1,NA,NA
hub_1560,12,NA,NA,6,5,2,6,2,16,9,15,63,5,6,4,2,3,3,NA,NA,1,2,9,NA,2,10,12,1,2,1,1,5,2,NA,18,20,7,18,236,22,4,3,6,2,1,21,12,2,1,2,18,10,4,5,14,4,5,12,9,5,1,NA,8,5,2,7,3,4,2,61,86,14,8,69,3,11,20,7,7,3,2,16,59,2,2,11,17,10,2,NA,4,14,19,25,3,1,1,1,3,5,15,NA,1,7,1,2,3,22,2,6,NA,1,NA,3,12,4,1,5,NA
hub_1561,101,8,3,8,57,3,22,14,6,15,23,12,4,84,82,30,2,38,6,16,4,78,19,9,54,86,85,102,1,8,22,2,7,3,29,16,142,9,11,643,22,91,51,127,110,48,67,70,77,12,134,239,116,267,277,50,99,107,133,57,108,43,57,163,22,60,23,142,51,20,32,16,6,41,37,79,9,8,15,14,5,6,13,1,13,30,69,26,3,4,22,104,17,97,1,NA,3,2,1,NA,NA,NA,NA,NA,NA,2,1,NA,NA,3,NA,NA,5,25,NA,37,17,4,12
hub_1562,29,NA,6,NA,10,9,10,3,10,3,8,3,9,301,20,10,4,64,12,22,6,8,10,4,18,121,91,96,24,2,6,NA,NA,3,10,362,110,11,4,41,212,36,45,142,10,31,34,37,35,4,47,68,52,45,32,8,162,46,36,122,11,7,54,51,30,36,12,24,45,13,8,6,8,21,5,32,6,7,8,2,12,125,3,1,6,38,5,12,16,11,12,31,15,14,1,1,NA,NA,NA,2,1,NA,NA,2,NA,NA,2,NA,1,NA,NA,NA,4,9,NA,17,7,3,NA
hub_1563,43,7,3,9,10,1,18,8,2,12,8,5,1,392,75,18,21,5,3,1,11,23,48,12,41,55,55,73,2,1,5,1,NA,3,10,3,51,5,1,217,47,238,52,113,67,87,28,22,120,24,40,25,12,40,19,8,100,23,55,160,67,31,19,71,8,114,22,63,40,3,9,2,4,12,NA,43,12,NA,11,5,1,4,NA,NA,2,26,13,5,2,7,14,225,3,40,NA,NA,NA,6,NA,2,NA,NA,NA,1,NA,NA,1,NA,NA,1,1,1,NA,21,NA,15,88,2,3
hub_1564,122,4,NA,28,22,5,16,3,1,3,11,1,3,176,135,25,3,22,8,8,3,7,14,56,23,150,121,442,8,7,2,NA,1,4,11,9,69,1,2,113,98,111,177,63,207,74,60,15,84,78,33,37,24,36,40,6,49,40,155,34,57,79,71,80,10,252,4,95,76,4,2,3,2,22,13,20,3,2,7,8,NA,2,4,NA,2,17,17,45,8,NA,26,43,2,292,4,NA,NA,1,NA,NA,NA,NA,NA,NA,NA,NA,NA,NA,NA,NA,NA,NA,2,6,NA,64,49,1,4
hub_1566,66,2,9,25,7,1,14,2,2,NA,30,10,3,255,166,72,18,27,14,6,4,16,12,6,56,131,119,137,5,6,6,5,9,5,4,11,51,2,6,398,45,93,61,215,25,102,26,19,137,101,57,64,25,66,55,34,305,107,138,95,123,26,63,188,19,154,17,94,54,9,16,5,7,13,4,116,3,4,7,7,7,8,2,3,6,26,12,20,3,13,34,92,6,73,NA,NA,2,NA,1,1,2,2,1,NA,NA,1,2,NA,NA,NA,NA,NA,1,8,NA,48,54,2,5
hub_1567,50,1,1,2,4,1,8,7,1,4,11,15,2,196,70,14,3,18,4,4,3,93,8,1,10,60,112,100,6,4,3,NA,1,NA,17,3,43,1,1,410,25,63,81,35,195,45,21,21,125,68,86,19,22,50,92,9,406,46,111,61,37,33,48,129,13,95,12,61,18,3,5,5,5,8,4,50,5,20,15,5,2,4,6,3,7,18,11,10,1,6,15,27,2,67,4,NA,NA,NA,NA,NA,NA,NA,NA,NA,NA,NA,2,NA,NA,NA,4,NA,NA,11,NA,20,20,6,4
hub_1568,24,8,8,10,26,6,40,7,6,7,21,4,4,109,78,19,15,17,8,3,7,63,2,8,21,129,29,38,8,10,7,NA,6,9,17,14,41,7,21,59,10,34,37,93,35,234,78,58,19,10,52,104,44,69,34,22,41,48,52,117,28,17,72,47,33,42,11,61,37,22,17,11,15,27,18,52,6,4,18,10,1,6,15,3,6,51,46,31,2,10,27,22,17,48,4,NA,NA,1,1,NA,NA,NA,NA,NA,NA,1,2,NA,NA,2,NA,NA,3,7,NA,15,16,1,2
hub_1569,131,49,33,52,130,19,119,53,5,12,54,NA,20,134,48,26,35,23,40,14,51,417,29,9,61,84,28,67,40,33,76,4,10,19,32,189,33,17,14,120,11,28,31,30,14,99,5697,669,84,25,228,244,202,194,84,141,48,169,157,222,25,13,109,179,55,83,204,60,293,19,39,14,10,31,43,437,19,99,54,93,18,18,20,25,132,67,104,54,18,45,374,55,11,85,2,4,1,NA,NA,2,NA,1,3,5,NA,1,5,NA,1,7,NA,2,8,156,NA,13,7,30,4
hub_1570,95,16,23,84,82,7,88,13,NA,7,30,6,NA,64,24,39,34,19,34,20,46,572,21,6,32,66,12,18,17,29,36,NA,58,6,8,15,31,2,1,61,26,19,12,24,15,47,473,2463,64,20,202,176,229,121,128,50,24,107,76,72,8,16,39,202,48,64,172,35,97,11,15,2,16,16,14,362,19,1,38,18,6,14,2,7,119,30,41,29,4,21,98,52,5,27,3,1,6,5,NA,NA,NA,NA,1,2,NA,NA,NA,NA,NA,2,NA,NA,4,69,NA,19,4,37,2
hub_1571,108,18,6,33,30,5,35,27,NA,6,18,11,6,221,78,133,27,30,32,29,27,73,35,32,58,119,71,47,8,22,25,NA,6,8,18,11,136,2,4,82,28,52,59,107,58,28,83,84,457,50,137,116,75,198,134,43,102,187,105,72,101,113,41,78,54,105,46,194,28,21,50,12,10,26,15,103,28,4,38,18,15,32,22,10,36,90,90,22,10,19,69,56,10,70,9,NA,4,2,NA,3,5,1,15,NA,2,1,NA,NA,NA,3,NA,NA,8,24,NA,25,18,10,6
hub_1572,43,1,8,34,22,NA,16,2,2,NA,5,NA,NA,99,92,26,19,111,47,40,18,40,63,30,47,9,29,104,10,8,67,2,NA,4,3,6,31,NA,8,36,1,30,82,92,54,31,85,46,74,204,25,23,85,56,160,35,193,53,91,17,15,11,9,63,11,95,32,56,7,2,5,106,1,6,38,11,4,2,33,22,4,8,NA,NA,15,13,15,3,14,1,117,13,2,71,NA,NA,53,NA,NA,NA,NA,NA,NA,NA,2,NA,NA,NA,NA,NA,NA,NA,NA,2,NA,15,3,4,1
hub_1574,118,57,34,40,43,7,61,37,2,15,45,22,12,87,30,50,130,11,21,14,97,165,17,14,92,104,17,61,21,24,19,2,5,28,22,25,92,10,2,197,48,29,15,41,30,140,187,167,71,26,955,108,107,95,49,77,37,85,64,82,38,251,86,244,36,117,56,50,228,12,42,10,8,18,23,86,70,11,49,28,16,21,14,24,51,141,65,75,12,90,128,40,5,91,11,5,4,1,NA,1,NA,NA,2,1,4,NA,5,NA,NA,NA,NA,NA,4,21,1,6,9,14,6
hub_1575,228,22,15,34,30,10,47,35,7,21,27,10,14,80,34,74,42,31,55,80,37,142,26,12,110,71,21,15,19,22,15,7,17,6,33,33,76,7,6,55,39,22,33,58,24,90,241,198,109,25,177,1498,197,253,91,90,49,155,129,53,57,31,71,225,42,127,50,74,60,18,31,11,22,24,24,186,40,9,63,26,16,39,18,3,66,135,46,37,9,28,65,55,17,31,2,NA,NA,1,NA,8,4,2,1,NA,NA,1,1,NA,NA,NA,NA,NA,2,30,NA,21,3,9,8
hub_1576,76,8,14,24,56,3,56,23,1,11,41,11,5,41,33,45,27,6,24,25,42,119,21,4,41,64,14,17,20,22,35,2,14,7,17,22,29,4,5,84,53,19,21,20,14,37,251,187,47,53,108,115,836,106,69,104,48,87,53,93,22,10,45,94,22,77,69,37,110,14,7,11,5,18,13,107,13,16,26,29,6,7,12,8,41,53,52,36,16,16,116,26,15,85,2,3,3,5,2,NA,NA,NA,1,2,NA,1,2,NA,NA,NA,NA,NA,NA,55,NA,12,4,13,1
hub_1577,100,25,23,16,46,7,52,17,21,12,43,9,6,100,62,29,10,36,44,27,25,105,26,19,57,65,18,37,14,30,24,2,17,9,14,37,49,3,5,92,24,15,24,42,22,59,184,162,96,36,110,158,135,1042,99,71,87,88,82,39,34,23,76,100,39,84,54,77,43,15,19,8,18,12,16,102,32,4,40,20,9,18,5,8,65,52,40,43,14,23,83,37,8,56,3,NA,2,1,2,NA,4,NA,1,NA,1,NA,1,NA,2,1,NA,NA,3,29,NA,14,5,15,5
hub_1578,66,41,14,20,28,3,51,17,17,22,28,13,4,161,16,22,28,16,72,51,25,143,10,8,117,48,27,15,35,22,41,5,8,7,16,18,29,4,6,219,19,8,19,30,21,41,85,137,64,69,69,109,69,83,462,121,32,68,62,44,37,10,31,106,24,85,36,30,20,23,31,21,4,23,15,51,10,9,43,13,6,76,9,4,22,129,39,33,1,12,48,52,16,125,7,4,NA,NA,3,9,NA,2,3,NA,NA,NA,10,NA,3,NA,NA,NA,NA,15,1,33,22,4,12
hub_1579,43,20,4,17,219,9,40,8,NA,2,22,2,1,26,4,16,35,15,17,11,35,51,11,5,53,16,7,2,6,4,14,NA,7,4,4,8,11,1,3,24,4,9,12,16,2,31,115,94,30,26,108,66,201,73,152,445,15,104,61,32,3,3,31,42,14,21,31,3,21,5,7,11,4,40,7,56,1,2,31,9,3,51,14,3,37,21,27,29,4,212,126,26,2,12,2,NA,7,NA,NA,1,NA,NA,1,1,NA,NA,5,NA,1,2,NA,NA,1,13,NA,2,NA,5,NA
hub_1580,244,16,10,152,26,44,37,4,6,3,27,6,7,316,221,77,47,50,23,49,16,40,28,31,45,48,75,169,7,24,27,NA,3,5,5,6,72,NA,5,125,124,101,103,271,223,88,78,50,98,133,114,55,67,124,70,41,325,82,470,170,79,72,67,84,13,293,24,167,46,12,16,13,2,14,13,36,22,5,18,11,7,4,9,3,13,28,26,20,6,7,65,60,8,363,2,NA,4,1,NA,NA,NA,NA,NA,3,NA,NA,3,NA,2,3,NA,NA,6,9,NA,23,18,1,1
hub_1581,59,4,8,26,23,4,47,21,101,15,17,2,9,60,22,23,54,26,16,35,23,58,22,4,51,51,23,14,6,25,9,1,11,18,8,8,57,8,11,47,15,12,39,45,28,42,92,118,61,48,77,84,52,105,51,32,97,497,124,28,15,22,31,100,17,83,38,52,14,12,24,7,3,52,7,69,23,2,23,6,6,6,7,6,29,41,37,42,1,12,55,114,5,25,NA,NA,NA,15,1,NA,NA,NA,NA,NA,NA,NA,NA,NA,NA,NA,NA,NA,3,23,NA,15,9,2,18
hub_1582,90,6,15,27,25,3,39,24,10,7,80,4,14,121,53,66,39,67,37,36,32,95,35,13,88,162,36,78,13,16,28,25,20,11,28,20,65,9,5,112,24,51,69,66,46,90,128,109,93,98,115,131,86,68,47,63,119,105,584,75,40,30,58,131,27,99,37,81,24,18,17,17,5,15,28,59,6,8,47,24,4,9,10,13,24,32,22,112,23,27,122,86,42,67,3,27,NA,2,2,NA,NA,NA,3,4,NA,2,1,NA,1,NA,1,1,5,36,NA,38,8,14,2
hub_1583,301,11,11,13,51,1,16,5,2,2,27,10,3,87,90,12,8,42,2,NA,12,98,4,9,10,70,63,366,10,5,24,4,4,4,6,9,50,3,2,77,57,123,16,43,41,89,176,67,79,12,68,56,115,50,41,17,82,63,82,673,52,48,222,195,12,136,31,87,69,26,16,6,11,26,5,94,12,6,10,9,2,5,2,2,26,35,21,21,2,5,13,218,3,61,3,1,2,NA,NA,1,NA,NA,NA,NA,NA,NA,2,NA,NA,NA,NA,1,NA,20,NA,50,9,1,10
hub_1584,79,10,6,8,10,3,12,3,NA,4,11,3,2,504,324,21,5,18,5,3,9,24,10,5,14,50,60,97,3,4,12,NA,NA,13,6,14,58,4,6,190,33,98,37,69,36,67,30,9,253,15,51,83,47,58,70,8,40,52,64,53,238,20,48,97,86,54,21,66,17,10,10,5,2,19,3,47,16,3,11,4,3,3,3,NA,5,25,10,9,3,12,28,25,4,82,1,1,NA,NA,2,NA,2,NA,NA,NA,NA,NA,1,NA,1,NA,NA,NA,1,3,NA,46,65,2,4
hub_1585,36,6,2,7,10,2,13,2,NA,7,10,1,1,157,76,7,NA,9,10,9,4,37,4,5,6,37,39,87,1,2,1,NA,1,NA,8,4,65,NA,1,271,2,16,51,33,35,46,25,17,147,6,118,20,14,59,31,4,85,29,139,46,26,257,25,65,8,54,16,45,19,3,3,2,8,5,2,31,3,6,4,2,2,1,5,2,35,8,10,12,NA,1,25,42,2,26,NA,NA,NA,NA,NA,4,1,NA,1,NA,NA,NA,2,NA,NA,NA,NA,NA,NA,7,NA,23,3,1,NA
hub_1586,38,10,5,3,15,2,34,9,14,11,34,4,NA,90,27,16,107,16,8,6,14,162,10,7,50,115,15,34,5,11,10,4,8,5,12,22,21,5,20,64,49,21,23,37,17,39,79,60,26,5,52,69,54,65,29,25,58,51,57,220,19,10,517,137,28,157,27,26,59,9,19,3,7,38,29,68,11,17,40,20,14,8,19,5,14,42,30,16,7,2,27,21,4,24,2,NA,1,2,NA,2,1,2,NA,3,1,3,5,NA,NA,2,1,3,NA,12,NA,23,8,4,6
hub_1588,55,22,18,18,24,4,49,30,12,29,33,18,13,250,85,31,18,31,24,13,31,119,16,10,39,337,55,92,14,43,19,4,11,16,14,47,162,5,2,174,46,56,45,129,89,53,149,150,67,42,116,163,88,110,141,50,73,96,108,174,59,55,105,503,99,54,32,137,35,22,56,25,23,54,12,240,18,24,20,51,9,16,24,13,22,74,53,49,11,31,61,53,28,85,8,5,1,2,2,3,3,1,NA,2,2,2,9,NA,NA,2,1,NA,4,15,NA,53,19,4,14
hub_1589,6,8,3,7,14,1,23,12,2,28,20,2,NA,54,8,6,9,2,2,5,5,38,2,4,14,7,8,12,5,6,7,NA,10,NA,15,5,7,1,NA,20,23,7,12,17,11,21,39,39,15,9,19,23,24,23,26,14,10,19,15,10,28,5,28,57,256,33,18,8,54,1,8,NA,NA,7,1,37,10,4,9,12,3,8,4,3,16,26,15,16,30,4,19,103,5,26,NA,2,7,1,NA,NA,NA,NA,4,NA,NA,NA,NA,NA,NA,2,NA,2,2,8,NA,9,3,17,4
hub_1590,137,11,10,16,16,4,56,18,3,9,32,17,15,201,162,49,16,61,12,15,19,49,25,18,42,91,254,175,17,21,18,2,16,11,9,18,184,4,3,57,50,107,67,209,80,46,114,87,108,57,70,124,73,125,78,31,176,144,139,96,32,50,95,70,43,381,21,215,25,29,51,3,12,25,15,56,37,4,33,12,16,118,12,1,15,61,42,65,5,24,52,48,17,98,11,17,NA,2,NA,2,1,NA,NA,3,1,1,1,NA,14,4,NA,NA,3,30,14,53,39,5,NA
hub_1591,28,63,36,172,121,4,71,19,NA,7,26,2,8,39,8,11,25,15,23,20,44,516,15,3,27,48,15,25,23,38,130,1,22,20,15,3,6,NA,1,37,2,22,5,17,10,16,208,217,22,25,86,41,48,73,45,40,21,61,52,51,8,15,46,49,19,16,964,11,55,1,3,12,4,15,10,164,6,2,25,21,6,10,6,7,347,48,29,34,10,17,87,14,NA,8,NA,3,NA,NA,NA,1,2,NA,NA,NA,NA,NA,2,NA,NA,NA,NA,NA,3,42,NA,3,3,53,6
hub_1592,102,5,11,9,11,3,24,5,1,16,30,10,1,221,97,32,5,23,15,13,6,32,13,18,27,94,186,120,10,13,8,NA,2,4,8,18,75,3,4,244,40,74,67,71,66,71,78,53,234,49,51,69,70,117,57,16,166,100,157,121,65,44,76,192,36,167,47,606,32,8,50,4,8,20,11,73,15,9,12,29,5,4,25,5,17,21,14,7,1,5,31,40,2,94,1,NA,NA,NA,2,3,1,1,NA,1,NA,NA,1,NA,NA,NA,NA,2,2,25,NA,23,14,2,1
hub_1593,26,8,4,17,55,1,50,5,NA,4,10,3,NA,270,41,8,9,15,12,2,21,26,8,NA,28,90,245,77,NA,1,8,NA,20,3,2,18,12,187,3,57,32,32,29,26,16,47,254,75,25,6,67,35,137,24,36,34,22,34,24,80,7,7,64,36,118,38,38,16,592,4,18,4,6,12,7,94,3,2,23,10,3,1,3,NA,16,87,10,12,3,7,22,11,1,17,1,NA,NA,2,NA,NA,NA,NA,NA,NA,NA,NA,1,NA,NA,NA,NA,NA,NA,18,NA,4,45,16,2
hub_1594,25,1,6,7,3,NA,14,3,29,5,40,68,1,17,11,4,15,7,2,4,4,7,2,1,240,43,10,11,7,NA,7,6,NA,13,13,46,24,25,61,30,4,8,3,2,17,36,70,7,6,3,21,26,12,28,67,4,3,30,13,39,8,NA,5,33,8,12,1,11,5,136,203,23,29,48,9,23,16,10,18,18,9,4,78,NA,3,16,15,8,8,4,19,16,50,8,6,NA,1,9,7,10,19,12,1,5,2,2,3,6,NA,2,2,4,3,4,2,27,29,1,2
hub_1595,39,3,2,7,23,2,44,24,40,17,56,85,5,24,17,22,5,4,7,1,6,9,3,2,19,59,9,18,13,18,14,NA,12,24,58,121,33,39,71,54,14,13,7,7,40,25,51,24,32,2,69,54,18,28,53,11,22,66,25,28,14,14,36,76,20,55,14,18,5,136,340,36,85,264,11,73,24,19,39,62,29,16,125,12,14,57,39,23,14,16,25,43,121,23,5,9,3,12,15,5,22,9,5,5,NA,14,10,3,7,7,4,5,5,21,2,67,4,1,1
hub_1596,7,2,NA,3,6,NA,14,4,24,27,65,28,4,18,9,4,4,7,10,132,23,11,NA,NA,16,23,8,7,5,2,1,4,2,2,16,16,3,13,17,18,8,3,2,5,4,56,16,NA,6,30,10,10,3,20,37,1,3,240,10,10,2,4,11,19,2,5,8,5,6,40,94,97,9,56,13,18,2,10,6,26,2,NA,32,NA,3,4,9,11,1,2,7,12,36,11,28,NA,NA,3,2,8,2,1,NA,NA,2,1,2,NA,NA,7,NA,2,NA,6,1,8,3,NA,2
hub_1597,8,1,1,NA,5,NA,20,1,7,2,23,22,NA,16,14,1,3,2,NA,1,NA,12,NA,NA,5,19,5,14,2,NA,1,NA,NA,3,4,14,7,2,1,5,4,1,NA,1,5,4,11,17,13,2,5,8,4,12,5,NA,6,12,2,11,NA,NA,11,24,2,29,5,5,4,5,65,1,70,8,NA,4,1,1,1,4,3,2,12,NA,1,3,14,6,2,NA,2,13,8,9,NA,NA,NA,2,NA,2,2,1,NA,NA,NA,NA,2,NA,NA,1,NA,NA,NA,3,NA,4,NA,NA,NA
hub_1598,33,4,2,12,17,5,39,8,43,18,135,91,4,38,11,8,1,5,1,3,17,18,2,NA,24,69,20,9,4,9,6,9,5,2,60,100,13,87,84,34,38,6,4,13,13,35,44,14,23,4,24,60,17,28,22,29,30,127,19,24,5,14,18,122,6,17,19,13,3,63,341,63,17,244,13,69,9,49,23,48,32,11,109,1,4,33,20,9,2,7,31,34,242,41,13,1,2,11,12,11,20,2,5,3,NA,2,28,8,2,3,2,90,5,5,4,30,7,NA,18
hub_1599,22,7,9,37,17,1,18,47,8,78,58,5,9,12,4,6,1,5,2,2,7,18,3,NA,16,23,NA,NA,12,9,19,6,13,15,60,42,5,6,8,34,3,9,15,NA,NA,8,52,22,15,14,36,34,43,22,59,10,13,36,15,7,1,NA,36,22,18,14,12,7,9,15,18,27,10,10,252,65,46,51,57,27,25,94,21,5,9,56,40,30,6,24,68,4,4,1,24,6,2,NA,NA,3,1,2,NA,NA,NA,1,14,NA,NA,NA,NA,2,NA,11,NA,4,NA,NA,5
hub_1600,81,18,29,30,83,NA,81,15,4,11,95,14,9,74,29,15,28,10,12,16,43,139,12,NA,49,68,30,19,13,37,32,6,10,14,43,31,40,14,1,81,10,31,19,31,19,58,295,293,61,9,114,139,99,129,54,47,21,98,57,102,21,16,66,134,47,97,80,46,70,12,36,14,16,38,36,1279,18,12,75,124,27,20,17,17,81,113,74,30,9,29,87,49,11,31,5,6,1,2,NA,2,1,NA,NA,NA,NA,5,2,1,NA,1,NA,1,8,67,1,6,9,7,6
hub_1601,18,3,9,31,9,11,20,56,NA,185,11,10,13,6,11,12,7,15,2,7,1,20,2,NA,66,11,NA,131,44,17,19,6,18,46,35,19,22,3,15,14,4,7,9,4,9,11,31,4,21,4,20,97,83,46,25,7,18,37,6,2,6,6,21,102,38,21,13,5,NA,7,21,13,3,15,43,17,240,45,11,24,12,35,15,22,5,94,41,43,48,26,61,33,6,5,17,10,5,1,NA,3,3,NA,NA,3,NA,1,4,NA,NA,NA,1,NA,13,5,NA,13,4,NA,32
hub_1602,17,1,3,4,18,2,18,10,2,19,36,11,7,18,8,4,3,4,3,1,NA,5,6,2,7,46,5,NA,4,10,8,2,7,5,43,48,8,14,6,16,7,3,4,3,12,5,30,10,11,3,10,6,5,10,7,2,7,12,8,8,3,3,16,23,4,5,9,2,7,8,28,17,6,47,27,13,37,121,30,78,118,35,15,4,1,20,7,9,3,13,13,10,15,26,13,3,3,2,NA,NA,1,1,2,1,1,1,7,NA,NA,2,NA,2,NA,5,NA,12,NA,NA,9
hub_1603,40,14,9,12,30,6,26,18,4,19,36,2,NA,19,8,9,22,8,4,3,10,85,8,2,31,18,7,14,9,10,13,4,5,15,49,52,10,6,4,37,14,9,6,7,7,18,84,42,20,24,52,67,37,38,44,28,10,32,18,26,7,NA,32,49,13,27,23,17,77,22,21,20,15,47,74,106,9,15,317,12,20,30,26,7,18,56,21,126,7,9,26,36,13,3,4,1,5,2,NA,5,2,NA,2,1,NA,1,4,NA,NA,NA,NA,NA,NA,14,NA,8,1,2,17
hub_1604,23,15,7,14,5,3,5,14,1,28,49,24,2,27,14,12,3,5,9,10,9,24,4,11,11,20,NA,6,19,4,12,11,10,6,191,64,2,4,3,16,4,8,7,2,4,8,240,23,10,8,27,21,40,32,7,24,4,21,13,21,NA,3,50,51,10,22,18,11,12,15,38,17,4,50,31,57,36,79,38,252,26,28,16,6,11,70,30,33,10,16,27,6,5,7,9,NA,4,1,1,1,NA,1,2,NA,1,NA,4,NA,NA,1,NA,5,NA,4,NA,4,1,1,53
hub_1605,11,6,1,2,14,3,10,6,5,24,32,15,4,24,2,2,31,5,1,1,3,12,2,2,7,9,2,3,2,7,5,4,8,6,53,25,NA,6,2,13,9,5,2,5,5,4,21,15,9,3,20,25,13,19,11,1,3,6,11,6,2,2,14,18,11,12,10,10,6,10,32,2,7,20,22,33,15,97,20,44,149,74,19,4,4,22,18,36,5,39,11,2,5,1,1,NA,2,1,NA,4,3,1,NA,1,NA,3,NA,1,NA,NA,NA,NA,NA,2,NA,4,NA,NA,3
hub_1606,22,4,12,35,15,3,32,12,2,42,16,5,9,10,11,11,7,15,12,13,16,173,15,4,17,5,5,10,24,7,28,17,35,17,29,12,8,2,4,6,132,NA,2,12,11,10,31,11,14,6,32,58,29,32,200,27,10,33,22,4,4,2,14,44,42,130,39,4,10,12,17,3,4,16,108,18,29,48,21,43,36,165,27,18,5,63,54,39,14,24,28,20,13,6,6,3,NA,NA,1,2,NA,1,NA,2,NA,2,4,NA,1,1,NA,NA,10,12,NA,1,NA,NA,4
hub_1607,11,3,8,3,4,4,16,22,13,16,48,114,8,11,4,8,11,3,NA,13,NA,10,NA,NA,39,30,3,5,8,11,7,3,14,14,64,261,12,13,64,23,7,4,NA,NA,2,14,31,NA,8,4,31,45,22,17,30,10,12,26,15,8,NA,9,15,44,11,28,7,1,6,62,109,21,11,66,22,50,12,14,42,12,11,17,316,NA,10,19,22,17,5,17,29,42,45,8,10,2,1,12,6,52,9,11,7,NA,4,6,3,1,1,2,3,NA,2,9,2,7,23,NA,3
hub_1608,7,25,38,60,20,25,30,49,NA,16,2,2,22,8,10,5,7,6,3,4,5,26,2,2,16,9,4,NA,33,91,29,15,25,45,7,4,5,NA,NA,8,NA,6,2,3,NA,3,61,10,11,9,17,13,23,11,10,21,3,12,14,5,6,3,6,15,16,7,13,5,4,NA,3,NA,NA,4,5,39,13,3,7,5,5,13,5,143,10,13,76,25,25,58,125,11,NA,2,10,5,2,2,5,1,2,1,1,1,NA,1,1,NA,NA,NA,NA,NA,30,15,NA,3,NA,NA,3
hub_1609,5,52,29,80,245,4,120,2,4,6,11,2,7,42,2,9,6,2,7,8,40,290,9,NA,11,13,3,23,29,38,101,3,4,20,8,1,3,4,3,8,2,3,5,16,1,9,158,125,4,7,33,67,90,63,26,9,5,77,19,41,2,7,17,7,20,13,372,16,27,2,8,2,6,7,1,112,10,1,19,6,3,8,5,4,1561,43,21,47,8,17,60,14,5,5,1,4,3,NA,NA,NA,NA,1,1,NA,NA,NA,1,NA,NA,NA,NA,1,NA,36,NA,40,3,6,10
hub_1610,57,16,26,59,23,22,37,84,8,103,26,12,12,43,16,25,13,1,1,6,15,36,2,2,33,35,14,17,64,34,38,27,32,35,32,48,56,5,13,17,18,14,8,25,15,52,34,24,43,10,63,101,42,27,97,22,17,20,21,57,22,4,47,112,67,36,17,11,103,12,42,15,11,31,42,54,77,13,35,36,17,46,47,15,16,257,107,62,35,26,63,56,15,20,19,9,2,4,4,4,2,NA,NA,NA,1,NA,5,NA,NA,NA,NA,NA,10,10,NA,10,3,NA,2
hub_1611,44,34,37,141,17,33,119,33,10,41,12,3,32,14,8,13,9,8,7,17,21,38,5,2,35,9,3,6,60,99,78,3,23,33,31,19,3,39,4,12,4,3,7,5,5,13,101,29,59,7,40,41,56,51,43,16,24,76,21,18,10,5,39,41,4,92,16,8,11,3,18,7,6,17,15,45,21,10,23,16,12,17,13,50,9,112,244,37,65,42,116,35,7,7,17,4,11,NA,3,4,3,2,NA,NA,NA,1,3,NA,NA,1,2,NA,14,9,NA,4,2,5,5
hub_1612,23,28,30,34,42,21,40,27,1,40,21,6,15,13,14,8,18,14,23,10,23,29,7,3,42,9,4,5,26,18,37,23,25,16,23,33,12,1,11,22,6,14,21,24,19,16,46,16,11,16,42,44,48,28,36,19,21,32,125,17,17,11,41,41,16,10,16,5,7,9,19,7,10,13,17,19,27,16,73,28,19,17,14,13,13,87,28,235,19,18,111,32,5,24,7,12,2,NA,1,3,NA,NA,NA,8,NA,NA,5,NA,NA,NA,NA,NA,4,14,NA,6,2,3,NA
hub_1613,12,5,31,15,30,50,32,57,1,103,6,1,82,12,43,11,7,2,17,12,NA,10,2,NA,16,21,3,5,125,34,44,20,64,69,21,6,6,NA,1,4,4,6,4,4,2,4,48,12,3,4,9,21,14,9,10,28,2,8,5,8,3,NA,5,44,34,5,8,1,NA,1,9,4,5,6,5,27,43,3,5,9,3,25,8,21,9,78,68,52,190,20,61,7,8,3,23,7,NA,5,NA,1,NA,NA,1,4,NA,NA,3,NA,NA,NA,NA,NA,12,5,NA,2,NA,2,2
hub_1614,16,20,13,53,22,22,108,47,NA,19,10,NA,28,4,3,17,50,4,14,2,6,81,NA,NA,114,8,8,1,39,29,39,13,85,65,19,3,1,2,NA,9,11,6,3,2,NA,7,60,27,13,8,106,11,16,49,21,308,11,42,45,8,9,3,5,32,5,35,9,12,15,5,13,3,NA,4,13,43,32,4,7,17,40,29,6,38,23,28,36,37,21,197,78,8,NA,8,8,NA,1,2,NA,NA,2,NA,NA,NA,NA,NA,2,NA,NA,NA,NA,2,13,9,NA,7,NA,NA,1
hub_1615,64,44,131,138,78,32,126,67,NA,29,6,6,43,38,13,29,30,20,26,19,10,253,6,6,195,18,8,8,142,142,164,15,50,135,22,23,30,2,3,20,4,19,18,21,15,30,241,89,42,24,126,43,92,73,38,83,30,71,75,15,16,11,30,53,21,32,50,4,23,11,25,3,NA,15,44,89,45,15,28,16,8,18,8,83,35,70,76,91,44,78,530,25,6,24,8,3,1,NA,2,8,2,1,NA,1,NA,NA,3,NA,NA,NA,NA,NA,28,26,NA,22,7,7,4
hub_1616,23,4,7,10,13,NA,6,2,1,11,13,7,2,104,53,32,6,18,5,13,9,20,17,5,16,60,17,11,9,8,10,2,6,11,5,14,38,4,1,219,27,61,17,31,12,18,31,53,34,3,23,79,35,44,44,14,35,65,46,205,22,16,37,48,40,41,16,28,10,4,14,2,10,8,10,42,18,4,10,10,4,7,5,10,12,72,30,9,5,3,60,331,8,25,2,3,NA,1,2,NA,NA,NA,1,NA,1,NA,2,NA,NA,NA,NA,1,4,14,NA,26,12,3,NA
hub_1617,16,NA,7,4,3,2,25,14,35,10,99,132,3,38,11,7,3,6,4,NA,NA,8,1,NA,262,40,6,4,2,6,4,NA,NA,1,28,34,5,23,35,32,27,3,NA,5,6,23,30,3,16,2,17,18,15,10,38,2,7,34,62,6,3,3,10,25,4,12,NA,NA,5,40,230,25,58,180,5,20,4,8,19,7,12,12,51,NA,4,18,10,9,11,3,14,13,230,10,4,NA,NA,21,12,14,14,7,1,14,2,4,4,3,4,3,12,3,NA,8,4,4,5,NA,2
hub_1713,70,2,4,5,6,1,11,1,NA,7,8,4,2,92,50,20,19,17,20,8,70,20,12,13,27,43,45,113,8,1,5,1,1,4,6,10,97,2,9,128,9,44,139,60,39,62,88,37,125,75,92,57,161,111,239,46,341,41,228,60,38,17,26,128,32,130,18,92,14,5,14,6,4,12,3,56,9,11,9,7,2,5,4,1,2,96,11,16,1,9,20,22,4,343,5,NA,NA,NA,NA,NA,1,NA,2,NA,NA,NA,1,NA,NA,3,NA,NA,NA,7,NA,62,15,9,NA
hub_2275,2,7,13,7,1,9,1,20,NA,44,NA,2,4,3,22,1,NA,NA,1,NA,1,9,2,NA,3,4,NA,1,19,9,11,3,9,13,10,12,3,1,2,2,NA,NA,2,1,NA,6,2,NA,3,NA,1,7,3,9,43,1,2,2,2,1,9,NA,6,14,13,13,2,1,1,NA,2,32,2,4,41,4,24,5,2,3,3,9,5,8,2,52,10,9,25,5,9,8,5,4,42,9,8,1,1,NA,4,NA,4,2,NA,1,4,NA,NA,1,NA,1,3,NA,NA,4,2,NA,NA
hub_2276,2,NA,7,5,1,11,1,11,NA,2,3,2,8,2,NA,2,NA,6,3,NA,1,2,NA,NA,13,NA,2,1,12,24,4,9,2,17,3,NA,NA,1,NA,NA,1,NA,NA,NA,1,NA,1,1,NA,NA,NA,2,NA,2,3,7,NA,27,6,2,NA,NA,3,4,6,28,1,3,1,NA,NA,NA,NA,NA,6,NA,8,1,NA,NA,NA,2,2,9,NA,12,4,8,41,6,3,2,1,NA,8,24,NA,NA,NA,NA,NA,1,NA,NA,NA,NA,NA,NA,NA,NA,NA,NA,5,2,NA,3,NA,2,NA
hub_2598,NA,2,NA,NA,1,1,2,1,NA,NA,3,5,NA,4,NA,3,NA,NA,NA,NA,3,NA,1,NA,1,1,NA,11,1,NA,NA,NA,NA,1,2,2,NA,NA,NA,5,NA,5,4,1,NA,1,8,2,NA,21,1,NA,NA,8,5,6,2,2,1,1,1,NA,3,5,7,1,NA,NA,NA,1,NA,NA,NA,3,NA,3,2,3,7,9,2,1,NA,1,NA,2,10,4,NA,NA,2,2,1,NA,5,NA,9,NA,2,NA,NA,NA,NA,NA,NA,NA,NA,NA,NA,NA,NA,NA,1,10,NA,1,1,NA,2
hub_2677,3,NA,NA,2,NA,NA,1,2,5,1,4,20,NA,7,8,NA,NA,NA,NA,NA,NA,1,NA,NA,2,6,NA,NA,1,6,NA,NA,NA,1,4,8,3,9,6,2,NA,NA,2,2,4,NA,1,1,4,NA,4,1,14,1,5,NA,1,3,1,2,NA,2,2,4,1,4,NA,2,NA,5,11,7,NA,7,NA,6,3,3,2,6,4,3,10,2,NA,NA,NA,1,2,1,3,7,10,NA,3,NA,NA,16,4,6,16,9,3,9,3,2,6,NA,NA,NA,NA,2,4,6,3,NA,1,NA,NA
hub_2678,3,NA,1,NA,NA,NA,2,9,2,1,2,23,1,NA,NA,NA,NA,NA,NA,NA,NA,1,NA,NA,1,4,NA,NA,1,NA,NA,NA,4,2,7,9,3,4,2,4,1,NA,NA,NA,1,1,2,NA,4,NA,1,4,3,3,NA,NA,NA,1,NA,NA,NA,1,NA,8,NA,1,NA,NA,NA,10,25,NA,2,10,NA,1,1,1,1,2,1,1,2,NA,NA,NA,2,1,NA,NA,3,5,14,1,3,NA,NA,5,12,2,8,1,5,4,1,3,3,2,NA,2,2,5,3,3,NA,11,NA,NA,NA
hub_2679,NA,NA,NA,1,NA,2,NA,1,2,4,NA,17,NA,8,1,NA,NA,NA,NA,NA,NA,3,1,NA,5,4,1,NA,2,3,NA,NA,1,4,8,2,NA,2,6,5,2,1,NA,NA,4,1,NA,NA,4,NA,NA,3,2,1,3,NA,2,6,NA,3,NA,NA,3,7,2,3,2,NA,2,6,27,6,4,24,1,3,7,6,2,NA,4,NA,38,2,1,4,4,2,NA,1,3,3,19,NA,NA,NA,1,11,5,21,9,3,17,9,3,3,6,13,1,1,1,7,NA,3,1,6,NA,NA,1
hub_2680,7,NA,2,NA,4,NA,NA,5,NA,7,NA,16,4,1,1,1,1,NA,NA,NA,NA,NA,1,NA,4,4,1,NA,6,NA,1,NA,2,6,10,8,1,NA,3,2,NA,1,NA,4,NA,1,7,1,NA,NA,5,NA,1,NA,2,NA,1,NA,NA,1,NA,5,4,6,2,1,NA,NA,1,3,19,NA,4,14,1,5,3,NA,1,NA,NA,2,11,2,4,5,5,NA,2,NA,NA,2,13,1,1,2,NA,11,1,2,25,2,13,13,4,11,5,21,9,NA,2,7,NA,3,2,2,NA,1,1
hub_2681,1,NA,NA,NA,1,NA,NA,NA,NA,NA,NA,5,NA,NA,NA,8,NA,NA,NA,NA,NA,NA,NA,NA,1,2,NA,1,NA,NA,1,NA,NA,NA,3,2,NA,NA,1,1,NA,1,NA,1,NA,3,2,NA,NA,NA,1,NA,NA,NA,2,NA,1,NA,NA,NA,NA,1,2,NA,2,NA,NA,NA,NA,6,12,NA,2,1,4,NA,2,NA,NA,1,NA,NA,7,1,NA,3,7,NA,NA,NA,NA,2,7,NA,4,3,NA,1,3,4,12,7,1,4,6,3,NA,NA,NA,NA,1,4,1,1,NA,2,NA,NA,NA
hub_2682,NA,NA,NA,NA,NA,NA,4,NA,NA,2,1,13,1,3,1,NA,NA,NA,NA,NA,NA,NA,NA,NA,3,2,1,NA,NA,1,NA,2,NA,1,2,NA,2,NA,5,NA,1,3,NA,NA,NA,2,1,2,NA,NA,NA,NA,4,1,6,2,1,1,6,NA,1,1,NA,3,NA,NA,NA,NA,NA,4,2,1,3,4,NA,2,3,NA,NA,4,NA,NA,12,NA,NA,1,NA,NA,1,2,NA,2,5,1,2,2,NA,3,5,15,8,1,8,10,8,1,5,1,NA,NA,1,7,NA,1,NA,NA,1,NA,NA
hub_2683,4,NA,NA,NA,3,NA,1,1,NA,2,NA,5,NA,5,2,1,NA,NA,NA,NA,NA,NA,NA,NA,2,NA,NA,NA,NA,NA,NA,NA,1,2,3,3,NA,1,1,1,1,NA,NA,NA,NA,NA,2,NA,1,NA,NA,3,NA,NA,NA,NA,4,1,3,NA,1,NA,2,3,NA,2,NA,1,NA,3,8,NA,NA,2,NA,3,3,2,1,NA,3,NA,5,2,NA,NA,6,1,NA,NA,3,NA,NA,NA,NA,1,NA,6,3,9,16,3,6,35,2,NA,NA,NA,NA,NA,4,3,1,NA,NA,1,NA,NA,NA
hub_2684,NA,NA,NA,NA,NA,NA,NA,NA,NA,NA,NA,2,NA,NA,NA,NA,NA,NA,NA,NA,NA,NA,NA,NA,NA,NA,NA,NA,NA,NA,NA,NA,NA,2,1,1,1,NA,NA,NA,NA,NA,NA,NA,NA,NA,2,2,2,2,NA,NA,NA,NA,NA,NA,NA,1,NA,NA,NA,NA,NA,1,1,2,NA,NA,NA,1,1,NA,NA,NA,NA,NA,NA,NA,NA,NA,NA,NA,6,NA,NA,1,NA,NA,NA,NA,NA,NA,1,NA,1,NA,NA,2,NA,2,8,2,5,7,9,2,1,NA,NA,NA,2,4,NA,NA,1,2,NA,NA,NA
hub_2685,2,NA,NA,3,NA,NA,NA,NA,1,1,NA,7,NA,NA,NA,NA,1,NA,NA,2,NA,1,NA,NA,9,NA,1,NA,NA,2,1,NA,NA,1,5,2,NA,2,1,2,NA,NA,NA,NA,NA,2,NA,NA,NA,NA,2,2,NA,1,2,NA,2,2,NA,NA,2,NA,NA,4,3,16,NA,NA,NA,1,9,2,2,5,1,11,2,2,NA,NA,NA,NA,9,NA,NA,5,NA,NA,1,2,NA,4,3,NA,2,1,NA,2,4,4,6,3,2,1,2,18,7,NA,NA,NA,NA,3,NA,2,NA,2,NA,NA,NA
hub_2686,3,1,NA,NA,NA,NA,NA,NA,2,2,2,2,NA,1,1,2,1,1,2,20,NA,4,NA,NA,7,2,NA,NA,NA,2,1,NA,NA,NA,17,6,1,NA,2,1,NA,NA,1,2,2,NA,4,NA,3,1,2,1,NA,8,11,1,2,1,NA,NA,NA,2,2,4,1,2,NA,2,NA,7,11,2,NA,30,2,4,3,11,3,5,NA,3,2,2,1,5,1,1,3,2,7,6,4,1,5,NA,1,7,2,NA,6,1,1,1,1,2,34,3,1,2,NA,5,18,1,NA,6,NA,NA,1
hub_2687,2,NA,NA,NA,NA,NA,NA,NA,2,NA,NA,2,NA,NA,NA,1,1,NA,NA,NA,NA,NA,NA,NA,3,NA,NA,NA,2,NA,1,NA,1,NA,2,1,NA,7,4,3,NA,NA,NA,NA,NA,NA,NA,NA,NA,NA,NA,NA,NA,NA,1,NA,NA,NA,NA,NA,NA,3,NA,NA,NA,1,NA,NA,NA,6,13,NA,4,3,NA,NA,1,NA,NA,NA,NA,NA,NA,NA,NA,3,NA,NA,NA,1,1,NA,3,NA,NA,NA,NA,1,NA,4,19,1,2,1,NA,1,6,33,3,NA,NA,1,NA,1,8,1,NA,1,NA
hub_2688,7,NA,NA,NA,1,NA,1,NA,2,NA,NA,8,NA,NA,NA,NA,NA,NA,NA,NA,NA,NA,1,NA,1,NA,NA,NA,NA,NA,1,NA,NA,NA,NA,NA,NA,5,1,NA,NA,NA,NA,NA,NA,NA,1,NA,NA,NA,4,1,4,3,1,2,2,1,NA,NA,NA,NA,NA,NA,NA,15,NA,NA,NA,1,4,NA,1,1,NA,NA,NA,NA,NA,NA,NA,NA,NA,NA,2,NA,1,1,NA,NA,4,1,2,NA,NA,NA,NA,NA,2,NA,NA,NA,NA,NA,NA,NA,NA,1,7,NA,NA,NA,NA,8,NA,7,NA,NA,NA
hub_2689,NA,NA,1,NA,1,1,NA,NA,3,NA,NA,4,NA,1,1,NA,1,NA,NA,NA,NA,NA,NA,NA,3,NA,NA,NA,NA,NA,NA,NA,NA,NA,1,1,NA,2,7,2,NA,1,NA,NA,NA,NA,32,2,NA,1,4,NA,NA,2,1,9,3,1,NA,NA,NA,1,NA,1,NA,1,NA,NA,NA,2,9,17,1,4,1,3,NA,1,NA,NA,NA,NA,1,NA,NA,2,NA,NA,NA,NA,NA,NA,2,NA,NA,NA,NA,NA,2,1,3,NA,2,NA,NA,NA,NA,NA,2,26,NA,NA,NA,NA,7,1,NA,NA,2
hub_2695,NA,NA,NA,NA,NA,NA,NA,NA,NA,2,NA,9,NA,NA,NA,NA,NA,NA,NA,NA,NA,NA,NA,NA,NA,NA,NA,NA,NA,NA,2,NA,NA,NA,NA,NA,NA,1,NA,1,NA,NA,NA,NA,1,NA,2,NA,NA,NA,NA,NA,NA,NA,NA,NA,NA,NA,NA,NA,NA,NA,NA,1,NA,NA,NA,NA,NA,NA,NA,1,NA,2,NA,NA,NA,NA,NA,NA,2,NA,3,NA,NA,NA,NA,NA,NA,NA,NA,NA,7,NA,3,NA,NA,2,4,NA,2,7,4,4,1,3,6,NA,NA,NA,6,2,1,NA,NA,NA,NA,NA,NA
hub_2696,NA,NA,1,1,NA,NA,NA,NA,NA,NA,NA,8,NA,1,2,NA,1,NA,1,NA,NA,NA,NA,NA,1,3,NA,NA,5,6,NA,1,NA,1,7,4,NA,NA,NA,NA,1,NA,NA,NA,NA,NA,2,NA,NA,NA,3,2,NA,NA,NA,NA,NA,NA,NA,2,NA,NA,NA,3,NA,NA,NA,NA,NA,1,15,NA,1,75,4,NA,1,1,2,NA,NA,NA,3,NA,NA,1,NA,NA,2,NA,4,1,2,NA,NA,NA,NA,2,4,7,2,10,6,5,2,2,3,NA,NA,1,1,17,NA,3,1,NA,NA,NA,1
hub_2698,2,8,16,14,5,3,2,2,1,1,NA,2,6,11,NA,NA,2,4,4,2,NA,9,NA,NA,3,2,6,5,48,23,13,6,2,37,11,4,NA,NA,NA,2,9,6,NA,NA,NA,1,10,7,2,3,4,NA,9,9,3,NA,2,16,2,1,3,NA,2,12,9,3,3,1,1,4,1,NA,NA,4,7,10,14,1,10,4,1,6,NA,9,6,13,29,8,24,11,25,2,NA,1,7,3,NA,5,2,3,8,3,NA,2,NA,1,12,NA,NA,NA,NA,NA,60,9,1,1,1,1,7
hub_2707,30,9,16,15,79,NA,49,11,2,5,9,2,2,15,7,9,1,3,7,2,6,57,NA,NA,14,15,3,6,5,7,6,NA,11,10,7,10,15,41,13,18,5,9,1,5,6,12,165,138,13,5,31,65,33,44,28,11,8,30,19,37,15,5,7,28,21,31,43,8,17,10,12,7,1,6,5,106,10,10,9,13,4,5,1,6,24,11,26,23,4,3,29,15,3,9,NA,NA,2,2,NA,1,2,2,NA,NA,NA,NA,NA,NA,1,NA,NA,2,5,830,NA,10,5,27,2
hub_2708,4,1,NA,NA,3,NA,NA,2,11,1,NA,6,NA,NA,NA,NA,NA,NA,NA,NA,NA,NA,NA,NA,1,NA,NA,2,NA,NA,NA,NA,NA,NA,NA,NA,NA,8,16,NA,NA,NA,NA,NA,NA,NA,1,NA,1,NA,3,NA,NA,NA,1,1,NA,NA,NA,NA,NA,NA,5,1,NA,15,NA,1,NA,1,6,NA,NA,5,NA,NA,NA,NA,1,NA,NA,NA,3,NA,NA,NA,2,NA,1,NA,NA,1,1,NA,NA,NA,NA,1,NA,1,NA,NA,NA,NA,1,NA,1,9,NA,12,NA,1,NA,3,14,NA,NA,1,NA
hub_2789,8,6,6,2,5,NA,17,3,NA,1,7,3,2,72,56,6,3,52,1,2,4,18,12,NA,7,35,9,11,7,2,5,6,2,5,5,3,29,3,4,30,8,12,27,74,12,7,25,50,9,NA,10,21,8,11,25,7,12,41,33,48,25,5,26,21,17,41,4,9,2,22,16,NA,6,19,5,12,4,8,10,3,NA,3,3,3,5,13,5,11,1,3,10,20,5,21,2,2,1,1,NA,2,3,NA,NA,2,NA,NA,3,NA,2,1,NA,NA,2,9,NA,148,13,56,13
hub_2798,25,1,1,NA,6,1,NA,2,NA,NA,1,NA,NA,29,4,6,NA,5,NA,2,3,9,2,NA,3,8,19,112,NA,8,10,NA,1,1,1,NA,18,NA,1,30,13,51,11,19,23,19,42,23,24,1,7,9,8,18,39,NA,24,48,13,12,36,7,19,21,8,16,5,4,11,2,2,NA,1,8,NA,8,NA,1,NA,NA,1,1,3,NA,1,7,2,NA,NA,NA,11,5,2,13,1,1,NA,1,NA,NA,1,NA,NA,1,NA,NA,NA,NA,NA,NA,NA,1,1,13,NA,27,41,NA,1
hub_2875,3,1,4,5,11,1,3,NA,NA,1,1,NA,6,7,NA,NA,3,4,1,2,7,30,2,NA,NA,1,1,NA,1,9,NA,NA,NA,NA,1,NA,1,NA,NA,5,NA,2,NA,3,2,2,16,24,1,2,10,9,14,3,2,NA,NA,4,4,4,NA,NA,4,11,14,3,35,NA,7,NA,NA,NA,NA,1,NA,12,NA,1,1,1,NA,NA,5,2,7,1,5,3,1,NA,9,1,NA,7,NA,NA,NA,NA,NA,NA,NA,1,NA,NA,NA,NA,1,NA,1,NA,NA,NA,NA,18,NA,60,5,171,NA
hub_3240,3,2,1,3,4,4,1,1,1,4,3,NA,NA,NA,1,1,NA,NA,1,1,2,8,2,1,6,2,1,3,2,2,3,1,2,1,3,2,1,1,NA,6,4,2,3,8,NA,15,NA,1,1,NA,5,8,13,16,13,1,5,20,3,2,5,1,20,54,12,11,4,NA,NA,NA,1,2,3,6,2,NA,4,4,3,46,1,2,2,1,1,5,12,1,1,1,11,4,1,NA,1,NA,3,NA,NA,NA,NA,NA,NA,NA,NA,NA,1,NA,NA,NA,NA,2,NA,2,NA,11,NA,3,40
